eeraid,agreement_num,begin_date,end_date,orderingofficeid_id,vendorid_id
69,50,2019-04-06 14:41:44,2018-07-19 02:39:58,30,61
71,10,2018-08-30 08:41:49,2018-12-24 21:40:34,57,66
23,62,2019-01-13 06:17:04,2018-12-11 18:46:22,51,28
34,80,2019-01-22 06:39:59,2019-03-14 12:57:21,93,9
58,76,2019-01-21 13:56:37,2018-05-02 03:43:39,47,27
15,11,2019-01-23 20:06:08,2018-07-13 13:48:52,84,20
96,64,2018-08-08 10:14:44,2019-03-04 19:42:39,93,98
17,78,2019-02-05 18:31:14,2018-05-16 14:52:52,43,22
83,10,2018-11-05 04:22:48,2018-09-22 08:36:01,72,88
1,96,2018-05-14 21:41:46,2018-06-19 05:19:59,46,38
66,59,2018-08-29 10:16:24,2018-09-01 14:06:50,80,48
82,77,2018-10-21 05:39:16,2018-05-06 03:32:42,10,5
37,16,2018-05-25 12:40:30,2018-05-30 13:24:42,60,33
44,46,2019-03-10 19:36:56,2019-02-09 23:34:10,91,18
80,63,2018-04-30 16:12:59,2019-04-03 00:53:53,46,83
55,79,2018-06-26 10:29:57,2019-03-29 23:09:29,50,100
66,78,2019-03-04 16:18:35,2018-06-16 05:19:56,94,69
59,21,2019-02-16 15:56:00,2018-05-04 07:33:28,91,89
42,51,2018-09-17 18:06:24,2018-05-22 17:35:56,35,4
12,89,2018-05-31 07:19:42,2018-12-17 13:58:10,15,80
68,50,2018-11-29 19:21:21,2019-04-04 00:17:47,22,17
23,57,2018-10-10 05:26:57,2018-06-26 04:31:42,29,44
16,8,2018-08-21 21:17:59,2018-11-12 22:16:54,62,49
9,18,2018-07-08 12:40:29,2019-03-15 07:09:40,51,37
96,86,2019-02-18 03:21:23,2018-09-19 20:32:21,5,74
54,19,2018-12-24 20:08:45,2018-07-03 05:11:19,29,88
7,71,2018-07-18 20:03:32,2018-06-10 20:47:41,1,16
28,78,2019-01-17 07:25:12,2018-04-26 05:44:40,84,6
92,37,2018-06-04 01:12:16,2018-08-29 14:32:12,3,61
15,71,2019-01-23 01:18:00,2018-06-23 05:21:34,92,99
52,27,2018-04-30 15:34:18,2019-03-08 14:22:07,84,27
97,5,2019-02-13 12:39:17,2018-07-08 20:35:38,56,76
96,64,2018-07-18 14:59:38,2019-03-24 12:54:51,96,32
19,17,2018-12-08 19:34:02,2019-03-27 00:35:40,88,100
65,99,2018-08-13 21:20:05,2018-11-26 17:51:23,95,50
25,78,2018-07-18 07:31:41,2018-12-19 16:32:18,56,95
37,6,2018-08-31 03:29:15,2019-02-25 00:00:35,39,28
2,31,2018-04-12 23:55:24,2018-08-19 10:14:35,96,60
87,18,2018-08-10 11:21:06,2018-09-12 08:14:57,13,5
39,54,2018-07-09 19:32:29,2018-07-17 23:31:24,86,52
18,75,2018-11-19 13:14:04,2018-08-13 19:20:34,40,86
78,11,2018-11-29 06:13:32,2019-03-27 15:01:44,13,58
62,10,2019-02-08 06:46:29,2019-04-03 09:19:50,42,80
3,3,2018-10-16 08:24:15,2018-04-25 02:38:57,84,84
19,98,2019-01-26 04:13:20,2019-01-05 04:46:58,23,36
100,65,2019-03-24 09:03:38,2018-09-26 03:56:20,6,73
97,79,2019-04-02 14:13:47,2019-02-25 23:25:27,43,20
34,14,2018-05-22 10:58:36,2018-12-19 09:45:38,57,74
86,43,2018-04-21 18:36:07,2018-08-15 13:28:22,26,34
45,9,2019-01-15 18:31:14,2018-06-06 00:53:37,88,70
79,95,2018-04-27 09:20:27,2018-10-17 16:00:05,37,6
48,13,2019-01-06 14:34:45,2018-12-20 15:30:44,100,30
52,87,2018-05-23 02:01:37,2019-02-12 15:42:21,94,10
20,50,2018-09-15 10:51:41,2018-09-20 22:35:49,34,93
64,87,2018-11-24 16:04:58,2018-04-28 14:35:03,25,26
86,50,2018-10-10 11:54:21,2018-07-19 12:44:19,43,7
9,3,2019-03-20 22:25:55,2018-09-06 19:18:55,27,61
57,91,2019-01-14 11:29:36,2019-01-17 23:09:04,22,33
87,95,2019-03-13 22:22:12,2018-05-21 22:38:07,56,31
71,3,2018-08-26 16:42:15,2019-03-12 04:20:20,79,86
24,45,2018-09-22 05:55:42,2018-11-28 15:35:37,89,68
8,25,2019-01-13 11:34:35,2018-07-26 14:23:54,10,18
29,53,2018-05-13 18:52:05,2019-02-03 09:41:46,17,22
52,65,2019-01-31 05:56:23,2018-07-17 23:29:22,92,19
29,57,2019-03-15 08:18:56,2018-06-08 12:18:20,30,17
1,95,2018-12-17 00:50:36,2018-11-22 00:19:19,30,81
26,55,2018-09-12 22:45:20,2019-01-07 20:49:17,23,24
20,62,2018-12-24 07:52:09,2018-06-01 08:40:57,83,70
40,55,2019-03-23 12:25:58,2018-09-10 02:31:42,34,21
35,27,2018-06-14 11:29:33,2018-06-05 16:03:15,89,41
61,4,2019-01-13 22:05:28,2019-02-14 23:29:15,25,79
30,20,2018-11-27 17:20:13,2019-04-02 16:11:24,29,30
61,98,2018-12-08 07:56:46,2018-12-18 21:47:56,61,97
94,84,2019-02-16 08:51:22,2019-02-06 14:59:05,37,37
84,34,2019-01-26 14:37:09,2018-12-01 12:34:16,89,29
51,32,2018-10-25 21:38:56,2019-02-27 04:54:20,35,16
62,86,2018-07-09 13:26:04,2018-12-15 20:22:01,42,38
7,81,2018-08-26 16:47:30,2018-06-16 16:52:24,37,9
4,41,2018-11-07 08:56:57,2018-09-05 01:27:03,11,43
72,58,2018-09-13 12:23:33,2018-07-26 21:17:01,10,63
50,8,2018-07-02 12:13:33,2019-02-07 12:57:04,44,1
98,57,2018-10-29 10:57:29,2019-02-19 22:45:51,13,32
88,88,2018-10-13 15:49:59,2018-11-27 22:50:15,31,69
28,73,2018-04-27 00:10:12,2018-10-30 15:25:40,63,76
77,86,2019-02-07 18:08:07,2018-12-25 07:30:35,29,5
21,42,2019-04-03 11:56:05,2018-12-27 16:23:08,79,69
50,57,2018-05-14 19:49:33,2019-03-30 19:27:24,56,65
99,50,2018-08-15 14:26:26,2018-09-11 09:35:43,75,24
61,98,2018-05-17 22:47:52,2018-04-24 18:14:43,37,85
77,3,2018-05-08 07:29:31,2018-11-25 20:49:50,3,42
68,98,2018-08-13 11:55:52,2018-07-30 06:43:17,2,81
20,27,2018-08-29 17:11:14,2018-05-24 17:20:58,17,57
15,85,2019-02-01 22:28:29,2019-02-21 10:40:54,87,39
8,97,2018-06-16 03:21:20,2018-10-18 05:35:50,57,28
93,10,2019-02-09 14:49:58,2018-05-24 07:29:11,44,69
27,54,2019-03-05 23:54:53,2018-07-19 09:53:33,16,67
19,83,2018-09-02 10:23:28,2018-07-24 04:44:08,11,80
12,57,2018-10-29 19:56:28,2018-11-08 14:03:09,82,69
50,39,2019-01-25 03:43:10,2018-04-19 02:39:26,27,21
93,33,2018-12-01 00:47:25,2019-01-19 04:04:58,61,25
94,88,2018-12-08 08:22:41,2018-08-11 13:32:01,85,20
17,51,2018-12-29 22:15:42,2019-03-17 07:43:18,41,100
13,13,2018-04-14 10:46:12,2018-04-16 21:58:04,70,5
82,38,2019-01-31 05:04:49,2018-05-21 02:28:26,78,39
23,81,2018-10-11 00:44:21,2018-12-26 06:02:54,24,85
97,66,2019-02-23 08:01:40,2018-10-25 01:08:52,55,18
31,8,2018-08-13 21:16:42,2018-09-01 15:12:36,90,41
61,55,2018-06-14 08:24:15,2018-07-09 04:17:07,69,39
39,91,2018-12-11 15:09:25,2019-03-09 01:26:58,3,80
8,79,2018-12-05 06:49:35,2018-10-05 16:36:48,33,65
2,11,2018-10-19 00:15:59,2018-09-11 06:31:22,64,66
45,89,2018-11-27 17:15:03,2018-06-05 23:19:28,49,4
43,55,2019-01-08 18:56:50,2018-12-13 04:58:42,30,24
41,73,2018-07-09 02:46:43,2018-05-14 02:40:15,84,64
25,87,2018-05-14 19:17:02,2018-05-23 06:10:25,18,68
31,36,2018-05-15 01:01:10,2018-11-17 17:22:51,9,11
25,32,2018-09-09 22:29:15,2018-06-13 10:40:39,77,15
84,16,2018-07-20 02:30:53,2018-11-05 10:09:20,41,68
63,90,2018-05-01 17:47:04,2018-04-18 09:50:06,51,21
12,95,2018-06-04 07:21:06,2018-07-02 13:20:24,64,25
28,100,2018-07-08 00:38:27,2018-11-04 18:27:48,12,57
57,22,2018-06-20 00:34:38,2018-05-03 14:32:05,91,95
71,18,2018-05-13 05:36:44,2019-02-26 20:40:35,90,80
100,93,2018-09-01 18:01:44,2019-01-07 19:00:25,92,99
32,76,2018-06-23 11:17:58,2018-06-01 10:40:05,41,44
72,82,2018-05-25 00:02:38,2018-08-14 20:26:40,22,9
79,63,2018-05-09 06:31:05,2018-05-24 18:14:16,31,9
51,70,2019-01-14 00:02:14,2018-04-25 11:38:04,7,1
84,43,2019-03-06 23:24:01,2019-03-17 02:08:09,34,69
38,81,2018-07-11 17:24:09,2018-05-07 04:42:20,35,15
87,80,2018-10-11 11:57:41,2018-08-23 03:51:12,49,32
48,92,2018-11-14 07:01:42,2019-01-03 14:52:35,40,91
95,66,2018-09-29 02:37:53,2018-12-28 13:37:34,46,31
62,42,2019-03-06 10:22:53,2019-03-25 04:40:57,16,85
11,20,2018-11-20 19:34:57,2018-04-29 14:10:47,18,65
8,20,2019-02-28 17:34:08,2018-08-06 09:15:37,38,12
54,87,2019-02-23 12:01:53,2018-08-13 05:36:56,23,62
18,11,2018-07-04 11:42:37,2019-04-09 23:02:56,48,11
42,55,2018-07-25 20:26:59,2019-03-14 19:57:16,59,21
75,35,2019-01-30 13:27:44,2018-11-21 08:54:55,18,87
7,75,2018-10-18 16:15:57,2019-01-09 00:51:36,11,81
41,44,2019-03-04 14:24:21,2018-11-29 05:40:51,13,24
20,50,2018-09-25 03:14:36,2018-06-18 15:14:21,59,29
56,94,2019-03-09 02:54:05,2018-12-12 12:44:33,70,61
85,6,2019-03-05 17:31:43,2018-05-12 04:40:55,46,49
32,57,2018-11-16 13:48:31,2018-07-12 22:18:59,94,60
59,52,2018-09-04 14:53:30,2018-07-24 12:35:00,94,1
69,12,2019-03-07 13:29:42,2018-06-01 13:52:58,62,65
56,92,2018-08-15 06:09:22,2019-02-25 20:13:58,65,16
55,26,2019-04-05 19:33:52,2018-08-12 05:35:36,6,92
37,91,2019-04-09 06:58:55,2018-11-09 16:33:09,27,59
99,79,2018-12-13 10:09:50,2018-11-12 04:48:56,45,56
69,57,2018-05-16 05:43:18,2018-09-08 04:28:04,43,85
5,36,2018-11-09 00:21:45,2018-11-14 19:28:05,23,85
30,4,2018-10-06 12:10:20,2018-05-02 20:48:31,77,58
40,40,2018-10-26 16:26:31,2019-02-11 21:57:06,75,26
64,36,2018-06-15 06:53:30,2018-06-10 22:49:41,66,2
90,82,2018-06-07 15:05:43,2019-01-11 18:04:13,25,53
44,68,2018-06-26 07:20:19,2018-11-15 05:05:05,96,41
16,80,2018-12-28 11:25:37,2018-08-11 10:50:52,5,82
35,60,2018-06-08 11:01:34,2019-03-01 11:22:55,94,31
60,12,2018-09-14 13:41:31,2018-09-04 02:50:48,90,47
65,63,2019-03-26 17:07:52,2018-04-30 14:31:31,16,1
75,47,2018-12-29 23:14:19,2018-05-12 04:09:16,81,58
68,9,2018-10-01 04:08:03,2018-08-29 06:02:32,86,8
96,85,2018-06-10 11:54:17,2018-09-25 04:14:08,56,99
27,49,2018-05-14 03:32:04,2018-12-31 12:27:33,79,62
24,30,2019-02-04 06:22:31,2019-03-28 21:56:27,5,43
68,69,2018-09-03 17:33:34,2018-06-26 14:07:10,64,74
84,17,2018-06-05 13:44:23,2018-07-13 15:18:04,35,88
94,44,2018-07-22 01:03:17,2018-07-08 07:10:15,52,61
94,1,2018-10-08 11:55:41,2018-06-07 16:44:48,27,28
74,8,2019-01-17 05:48:10,2018-09-04 17:04:38,11,58
92,53,2018-08-13 02:58:39,2019-03-25 03:52:49,9,31
31,56,2018-06-01 14:01:51,2018-05-05 17:33:21,5,66
37,73,2019-01-16 04:48:09,2019-02-28 14:03:30,8,78
33,9,2019-04-09 09:11:02,2019-02-20 16:34:30,64,22
5,19,2018-10-23 00:57:23,2018-07-22 11:12:55,99,62
4,72,2018-09-27 06:54:21,2018-08-16 05:44:38,56,47
63,63,2018-12-14 20:58:58,2018-07-19 17:39:53,31,10
70,78,2018-05-14 19:31:48,2019-01-30 01:17:04,53,37
69,19,2019-02-17 06:48:15,2018-10-26 22:07:37,70,17
24,33,2018-12-09 14:50:54,2018-12-15 14:07:58,32,25
76,33,2018-06-04 02:25:55,2018-12-04 18:15:25,59,25
66,51,2019-01-27 16:49:20,2019-03-01 20:54:09,80,67
65,51,2018-06-24 15:43:47,2018-08-09 21:02:50,43,7
2,37,2018-07-12 09:28:56,2018-11-21 08:16:46,44,21
7,33,2019-01-29 00:08:43,2018-05-04 15:15:59,77,35
96,24,2018-10-17 00:15:19,2019-03-10 14:55:01,44,24
7,4,2018-10-25 14:14:09,2019-02-02 19:43:53,84,32
7,6,2018-08-03 22:22:07,2018-04-29 04:26:37,50,81
73,84,2018-09-05 18:24:56,2018-10-01 02:22:38,64,99
73,39,2018-12-17 00:46:43,2018-05-05 05:08:07,82,99
9,58,2018-08-09 08:47:05,2019-04-07 10:53:54,87,38
7,4,2018-10-10 05:23:04,2019-02-07 19:40:54,40,91
79,31,2018-09-15 04:38:25,2018-08-15 07:38:25,41,77
21,8,2018-06-02 18:25:30,2018-08-21 09:07:04,26,74
9,83,2018-04-12 15:08:00,2018-04-17 10:05:49,94,61
90,48,2018-12-23 05:37:30,2018-11-26 14:09:56,90,11
14,95,2019-02-22 16:11:55,2018-05-20 03:05:38,76,5
47,7,2018-12-28 07:53:06,2018-11-25 23:56:32,54,95
85,77,2019-04-06 17:04:03,2019-03-02 22:37:22,22,2
39,77,2018-12-22 02:23:16,2018-06-20 22:21:52,65,26
30,17,2018-08-07 20:10:02,2019-01-16 07:29:12,52,9
31,59,2018-05-04 15:15:38,2018-10-30 20:47:56,20,99
48,8,2018-07-16 09:29:25,2018-04-20 04:41:24,60,1
81,1,2019-03-21 12:01:45,2018-10-20 08:00:26,86,66
78,58,2018-09-30 09:08:31,2019-01-02 08:33:06,55,56
34,66,2018-06-20 04:12:34,2019-01-23 22:20:06,12,2
78,81,2018-04-29 19:58:23,2018-10-01 17:45:57,22,54
89,17,2018-08-16 12:56:12,2019-03-09 06:59:47,31,79
32,30,2018-11-11 06:09:11,2018-10-08 02:15:53,42,98
89,73,2019-03-14 03:38:54,2018-04-26 15:44:30,22,20
94,85,2018-11-25 07:23:09,2018-10-12 10:40:12,95,13
62,89,2019-04-09 17:48:34,2018-07-10 07:18:13,94,68
11,72,2019-01-23 04:08:45,2019-02-22 22:31:14,57,79
16,45,2018-09-02 12:54:14,2019-01-18 18:34:46,85,61
61,58,2018-05-31 03:56:23,2018-09-12 09:26:37,34,28
32,23,2018-12-15 05:01:07,2018-12-12 23:00:44,100,54
70,14,2018-09-27 01:40:37,2018-10-24 07:22:21,11,81
65,63,2019-03-10 02:36:34,2018-06-17 15:29:05,97,81
77,10,2018-09-14 14:30:56,2018-12-28 12:03:02,76,64
70,20,2018-04-11 13:41:06,2019-04-06 04:03:38,58,38
72,71,2019-03-09 19:33:15,2018-11-14 05:31:40,16,23
45,94,2019-03-16 20:58:16,2018-11-29 19:48:32,31,76
31,45,2018-04-27 17:27:07,2019-02-14 08:41:10,36,27
87,47,2019-02-08 05:56:10,2018-07-25 16:09:08,92,53
60,89,2018-11-30 15:12:40,2019-03-09 16:53:14,28,19
29,60,2018-08-31 16:29:30,2018-08-04 23:47:53,94,92
40,97,2018-05-26 05:13:22,2018-08-25 09:26:27,36,38
50,75,2018-04-23 10:38:39,2018-10-28 04:16:10,26,68
46,79,2018-12-29 18:11:18,2018-05-29 12:10:43,14,11
80,95,2018-06-26 20:16:55,2018-04-29 22:36:02,36,6
17,87,2018-08-25 20:18:50,2019-02-02 11:13:11,83,28
54,35,2018-11-04 11:37:31,2018-05-14 09:02:08,57,88
29,34,2018-11-28 08:17:10,2018-07-31 16:46:26,61,6
6,51,2018-06-24 08:22:07,2018-12-31 02:56:51,56,8
75,30,2019-02-27 20:35:22,2019-03-31 16:59:13,5,7
44,21,2018-10-02 16:21:01,2018-08-02 10:22:30,76,93
47,68,2018-07-16 08:45:42,2018-05-23 09:42:40,74,58
4,62,2018-05-25 05:45:17,2019-04-02 12:56:43,79,53
94,25,2018-12-30 07:49:46,2018-12-23 13:53:33,40,54
16,2,2018-08-27 10:48:59,2019-03-17 11:41:21,85,94
68,40,2018-12-26 17:12:24,2018-10-06 14:52:13,92,12
47,35,2018-11-23 18:52:05,2019-01-14 13:25:58,59,80
38,54,2019-01-23 03:48:04,2018-08-20 22:50:27,81,40
50,42,2018-05-07 01:45:22,2019-03-14 13:07:19,91,60
69,67,2018-08-12 16:27:13,2018-11-11 19:39:49,55,24
62,1,2019-03-29 16:02:32,2019-01-18 04:34:56,3,59
87,37,2019-03-17 06:15:29,2019-03-30 07:31:20,59,75
26,58,2018-07-31 15:50:44,2019-01-28 13:43:39,17,34
19,37,2018-08-08 07:14:14,2019-03-01 02:03:03,86,82
4,85,2018-06-28 19:13:35,2018-07-16 00:58:27,23,77
63,67,2018-07-05 20:30:09,2018-10-25 15:46:37,15,36
98,61,2018-05-28 03:01:05,2018-07-23 12:25:26,30,13
32,63,2019-01-27 15:32:36,2018-09-14 16:01:26,17,45
19,23,2019-02-24 20:34:13,2018-10-17 18:21:30,93,4
87,29,2018-05-02 06:20:37,2019-03-19 17:42:11,99,5
5,13,2018-08-27 19:05:27,2018-10-25 10:42:09,70,38
100,22,2018-12-23 20:52:20,2019-03-02 09:03:29,54,4
14,99,2019-01-26 15:09:15,2018-12-11 01:27:30,27,95
80,18,2018-07-28 03:52:25,2018-08-28 10:58:45,56,90
53,98,2019-02-23 06:43:49,2018-05-04 03:13:15,56,90
50,16,2019-01-11 11:00:50,2018-09-14 17:02:40,31,21
90,35,2019-01-11 21:33:17,2018-08-20 08:17:11,59,67
45,82,2018-08-02 05:41:32,2018-04-30 11:33:21,29,57
11,69,2018-08-07 18:17:28,2018-06-24 17:30:18,18,22
91,92,2018-05-07 16:24:09,2018-11-15 04:49:16,100,24
66,96,2018-06-30 05:54:34,2018-07-27 00:49:44,95,87
78,31,2018-10-17 07:23:02,2019-02-20 03:36:44,80,98
78,21,2018-05-03 19:56:50,2018-10-09 20:15:09,26,68
5,86,2018-11-28 11:22:31,2019-02-08 21:57:24,16,83
52,11,2018-05-25 13:32:56,2018-08-29 20:14:25,83,37
56,38,2019-03-19 11:23:34,2019-03-19 02:41:36,64,98
5,99,2018-04-15 02:59:13,2019-01-12 17:43:13,1,66
57,36,2018-08-10 21:29:59,2018-12-31 14:14:51,40,62
18,29,2019-03-29 18:38:44,2018-07-22 17:16:46,77,5
52,33,2019-04-08 20:56:37,2018-10-25 10:16:05,45,28
52,39,2018-09-02 16:16:56,2018-05-25 23:23:52,17,10
40,4,2019-02-03 04:36:35,2018-08-21 19:26:25,9,53
44,7,2018-09-13 06:18:39,2019-03-10 22:57:02,22,38
56,95,2018-07-05 05:31:08,2018-08-09 18:05:30,28,16
85,12,2018-06-26 20:32:41,2019-04-10 02:21:31,60,100
62,65,2019-02-04 17:53:09,2018-10-29 20:10:11,17,87
84,56,2018-10-27 18:57:18,2019-01-29 05:24:19,43,36
11,50,2018-07-28 12:30:26,2018-11-18 13:07:47,96,33
1,7,2018-12-19 22:28:25,2018-11-03 03:55:36,62,76
89,81,2018-11-03 17:06:53,2018-05-06 06:28:39,89,92
76,69,2018-08-23 11:58:32,2019-01-18 17:16:06,55,98
3,71,2018-06-02 16:22:42,2018-06-29 08:26:49,70,37
26,8,2018-11-11 01:18:14,2018-04-28 11:17:11,41,87
72,14,2019-01-10 21:45:48,2018-06-25 07:45:09,87,48
51,19,2018-05-16 14:53:02,2018-08-20 19:33:11,57,51
63,24,2018-12-26 13:03:31,2018-09-12 23:27:01,92,31
39,48,2018-04-25 18:42:43,2018-07-18 01:40:41,7,3
73,69,2019-03-14 12:50:17,2018-11-28 22:21:24,42,95
76,22,2018-06-30 06:17:00,2018-10-04 02:41:47,86,90
24,50,2018-04-26 06:57:55,2018-05-13 16:41:47,22,30
99,1,2018-05-13 07:07:18,2018-06-22 04:40:46,3,32
51,25,2018-07-20 20:41:35,2019-02-08 11:40:20,65,57
6,25,2018-10-27 07:14:01,2018-12-25 14:12:18,20,80
34,31,2018-08-13 11:00:24,2019-02-10 05:15:43,62,83
85,9,2018-05-14 22:20:05,2018-06-29 20:17:57,53,88
83,93,2018-09-27 07:51:56,2018-11-21 17:18:55,1,10
14,52,2019-03-13 22:27:41,2018-04-27 15:26:22,50,92
11,93,2018-08-08 11:09:38,2018-05-05 14:49:16,34,11
12,29,2018-09-04 02:16:53,2018-04-20 07:58:48,98,16
9,51,2018-10-09 00:50:32,2018-08-29 13:25:31,7,49
2,1,2018-10-29 00:04:14,2018-10-11 23:24:26,8,94
93,33,2018-12-19 15:43:03,2018-06-17 17:35:17,44,27
27,19,2019-03-05 13:58:19,2019-03-26 03:10:30,8,53
86,4,2019-03-04 02:22:34,2018-07-16 15:24:05,14,35
53,93,2019-03-11 18:09:30,2019-03-20 10:22:40,4,94
25,74,2018-12-25 20:24:25,2019-03-26 14:02:58,75,30
45,77,2018-05-08 00:05:23,2018-06-13 15:17:19,69,35
12,75,2019-04-10 09:04:17,2018-05-27 12:44:45,49,9
36,23,2018-08-12 08:09:28,2019-02-11 12:18:58,74,77
62,75,2018-12-18 00:37:11,2018-07-15 04:24:29,48,43
28,17,2018-10-05 10:46:46,2019-04-06 19:55:10,56,56
71,73,2019-04-09 09:27:15,2018-07-04 02:38:03,6,59
17,51,2019-03-18 11:16:10,2018-04-23 02:04:44,12,63
48,27,2018-08-02 14:00:28,2018-09-28 22:46:36,11,100
11,64,2018-09-11 13:44:05,2019-03-14 19:01:08,19,99
25,68,2019-02-24 17:39:04,2018-04-21 03:14:14,32,34
82,82,2018-08-24 16:41:23,2018-12-28 07:56:36,47,80
78,2,2019-03-31 14:03:51,2018-08-28 00:20:53,82,18
76,75,2019-03-18 21:02:16,2018-08-11 07:44:51,33,65
30,86,2019-01-19 06:17:29,2018-07-15 08:37:55,64,74
7,92,2018-10-18 03:12:07,2018-09-17 08:39:45,93,67
68,80,2018-07-25 15:14:41,2018-11-12 15:06:52,14,66
5,49,2019-03-11 09:36:20,2018-06-21 13:17:39,32,17
84,65,2019-01-15 11:25:58,2019-02-07 10:53:59,26,74
99,97,2018-08-02 13:08:05,2018-04-21 15:22:05,59,80
18,90,2018-10-29 17:38:01,2019-04-06 06:41:29,9,37
66,89,2018-09-01 01:59:30,2018-11-17 16:48:56,19,84
32,27,2018-08-17 14:47:31,2018-05-31 11:06:02,10,83
96,53,2019-01-22 23:37:26,2018-08-15 07:14:12,68,77
76,3,2018-09-08 08:05:30,2019-02-02 18:05:37,68,20
76,63,2019-03-11 18:28:24,2018-10-17 18:38:03,77,97
6,35,2018-06-01 15:59:36,2018-08-27 03:50:58,35,83
97,49,2018-08-11 13:37:29,2019-02-15 00:02:41,31,7
25,89,2019-03-01 15:06:52,2018-06-02 08:45:38,19,91
71,30,2018-07-29 23:17:50,2018-11-04 05:05:54,11,62
60,32,2018-07-27 12:26:58,2018-06-30 09:45:50,16,2
2,87,2019-02-16 13:21:36,2018-08-02 21:45:55,42,63
54,81,2018-08-30 12:30:10,2018-10-01 15:17:58,50,37
64,14,2018-11-17 03:49:12,2019-03-03 23:02:58,87,81
77,26,2019-03-15 17:11:56,2018-11-07 04:49:14,63,58
100,13,2018-05-18 23:16:35,2018-05-05 03:25:24,55,34
12,25,2019-02-19 19:41:58,2018-06-04 16:52:42,78,30
37,9,2018-11-19 08:27:40,2018-11-17 22:17:59,27,85
95,80,2019-04-08 17:50:26,2018-05-29 09:04:55,21,97
32,55,2019-02-25 13:40:39,2018-12-28 17:05:22,18,36
46,85,2019-03-24 15:28:39,2018-06-16 21:46:56,32,63
79,1,2018-12-19 09:40:34,2018-11-01 06:31:19,97,37
67,27,2018-05-22 20:34:12,2018-11-04 20:05:18,15,54
59,22,2018-06-15 22:13:03,2019-03-10 02:25:59,51,71
84,34,2018-07-01 04:35:26,2018-09-10 04:50:50,83,77
53,43,2018-10-09 07:20:32,2018-10-17 00:25:57,6,49
11,3,2018-10-26 07:34:54,2018-12-10 07:46:07,52,98
84,68,2018-08-27 11:20:23,2018-12-16 15:48:54,78,24
71,81,2018-06-22 18:44:47,2018-11-28 16:44:29,100,15
70,80,2018-12-18 17:35:19,2018-05-15 16:36:39,92,24
54,70,2019-02-10 23:49:06,2018-07-23 06:09:43,48,33
44,55,2018-04-30 14:41:41,2018-10-01 10:37:10,19,55
61,77,2019-01-15 16:27:20,2018-04-25 14:08:49,32,44
87,36,2018-07-06 20:05:35,2018-04-15 10:48:16,61,36
63,78,2019-04-06 05:45:51,2018-12-06 18:42:17,73,80
63,98,2018-07-21 18:55:36,2018-08-03 16:24:08,73,99
65,11,2018-07-02 05:59:28,2019-01-13 22:50:44,38,49
41,85,2019-04-10 11:36:06,2018-06-16 04:21:13,46,7
13,100,2019-01-16 12:07:29,2018-12-02 20:22:31,19,21
58,25,2019-01-22 12:37:53,2018-05-24 11:41:16,53,5
42,38,2019-03-26 05:34:55,2018-10-05 09:32:16,13,15
95,93,2018-09-27 07:07:06,2018-07-19 07:34:13,13,29
95,20,2018-11-09 13:11:18,2018-12-21 08:28:55,90,19
61,39,2018-10-04 23:54:22,2018-05-08 22:48:46,83,100
82,78,2018-08-30 08:57:47,2018-04-12 10:16:00,77,10
4,54,2019-04-07 16:33:39,2018-09-11 08:47:31,20,86
36,99,2018-12-26 15:12:56,2019-01-24 04:42:29,9,38
38,42,2018-09-27 14:28:04,2018-08-30 01:04:29,4,14
5,73,2018-05-09 15:08:00,2018-06-09 02:19:47,47,40
97,85,2018-06-08 19:21:26,2018-11-27 23:08:40,51,36
92,37,2018-07-16 00:05:33,2018-07-03 10:35:33,75,100
12,57,2018-11-16 05:03:40,2018-12-17 19:37:39,82,63
25,27,2018-05-29 12:59:21,2018-11-03 04:22:51,14,26
65,26,2018-10-19 11:01:16,2019-03-02 02:47:44,72,25
33,53,2018-11-06 10:00:51,2018-11-04 11:34:50,62,76
98,60,2018-09-01 21:11:41,2019-01-15 13:11:12,99,23
9,13,2018-09-14 20:27:38,2018-09-27 15:17:22,72,14
79,10,2018-06-08 19:51:37,2019-01-17 22:06:57,19,15
85,21,2019-02-04 04:06:25,2018-09-17 04:43:36,21,1
81,45,2018-07-12 13:12:30,2018-07-24 19:06:49,9,39
33,23,2018-04-30 22:23:03,2018-08-29 09:10:08,18,14
95,21,2018-06-07 16:56:35,2018-06-04 01:20:36,87,95
92,38,2019-01-16 21:20:51,2018-11-27 07:42:52,9,85
86,16,2018-12-07 11:51:06,2018-09-14 10:14:18,57,53
45,74,2019-01-18 15:59:28,2018-08-04 02:21:19,32,34
36,88,2018-10-19 04:13:45,2018-10-13 12:47:33,63,80
43,40,2019-03-22 15:40:57,2018-11-23 05:49:11,29,61
68,27,2018-08-11 23:33:25,2018-07-16 19:43:42,48,28
87,87,2018-12-22 01:04:28,2019-01-24 04:07:41,7,49
77,88,2019-03-16 10:21:46,2018-09-13 05:39:35,88,64
71,7,2018-12-22 19:46:07,2018-05-08 03:21:14,9,95
93,75,2018-07-26 14:18:35,2018-11-03 02:23:40,82,16
10,68,2019-02-26 21:13:25,2019-02-24 15:36:18,56,75
62,75,2019-01-22 22:46:26,2018-10-03 08:29:46,79,93
80,61,2019-03-24 09:05:04,2018-08-30 06:49:53,20,38
74,30,2019-01-01 20:28:05,2018-05-10 13:42:12,45,6
1,30,2019-01-01 02:34:05,2018-09-23 15:36:09,29,88
10,95,2018-09-16 06:58:41,2019-03-10 23:01:48,96,96
49,53,2019-01-10 14:34:58,2018-11-20 02:09:58,59,3
77,67,2018-05-19 21:00:22,2018-07-01 11:42:35,63,26
81,44,2018-11-07 20:37:23,2018-06-11 21:54:24,75,43
98,16,2018-06-14 05:31:46,2019-01-26 23:32:32,75,90
94,41,2019-04-06 10:35:55,2018-10-27 13:18:01,83,41
80,52,2018-11-20 01:47:21,2018-07-12 05:23:14,6,70
3,42,2018-10-24 02:19:46,2019-03-08 14:19:28,75,69
94,69,2018-06-13 07:00:59,2018-12-14 13:56:10,90,79
66,38,2018-09-14 18:50:10,2018-07-27 13:42:20,79,91
94,3,2018-07-03 18:39:33,2018-07-26 03:52:59,25,9
60,87,2018-12-01 06:54:21,2019-01-21 19:46:46,42,38
65,92,2018-09-19 04:55:20,2019-02-13 05:26:41,22,27
33,6,2018-05-08 23:42:56,2018-12-27 01:59:12,83,82
27,87,2018-06-04 17:39:18,2018-07-27 09:27:50,91,43
71,21,2018-08-10 04:42:55,2018-05-08 06:01:34,38,62
39,61,2019-02-11 13:27:30,2018-05-05 15:42:56,90,78
30,62,2018-06-28 22:49:48,2018-07-09 12:04:14,56,8
96,2,2018-11-13 23:12:18,2019-03-08 11:43:38,6,80
3,69,2018-06-09 23:00:00,2018-07-26 17:48:55,11,85
5,76,2019-01-31 11:11:47,2018-10-15 13:29:10,22,90
72,38,2019-04-06 05:32:03,2019-04-10 01:35:46,1,60
70,79,2018-07-01 17:06:11,2018-06-11 07:41:27,96,60
13,19,2018-04-29 07:32:53,2018-08-04 00:50:18,99,41
23,95,2018-06-21 13:41:25,2019-03-30 07:37:20,74,3
75,45,2018-09-27 20:12:10,2018-08-02 16:10:56,54,40
36,66,2018-10-22 07:13:43,2018-06-27 16:04:42,73,14
10,68,2018-08-22 20:32:29,2019-02-05 23:52:04,28,35
15,98,2019-04-10 13:38:28,2018-05-11 02:22:08,32,12
82,17,2018-10-18 20:04:54,2018-05-03 03:23:32,67,74
62,49,2018-08-22 02:51:02,2018-12-09 23:02:29,71,91
91,26,2018-12-06 17:59:08,2019-02-16 15:22:13,13,28
15,86,2018-09-02 20:50:10,2018-06-06 01:46:24,10,95
49,80,2018-08-03 10:19:16,2018-06-23 15:52:21,66,63
91,75,2018-11-09 10:59:10,2018-06-21 03:22:19,23,85
39,93,2018-04-11 08:25:09,2018-10-23 02:19:15,20,68
22,30,2018-04-15 04:31:26,2019-03-01 19:28:16,87,95
53,55,2018-10-24 05:12:04,2019-01-31 02:58:24,54,88
16,37,2019-02-15 17:59:53,2018-07-31 09:19:03,55,20
27,7,2018-10-31 08:29:28,2019-01-31 11:50:49,11,11
71,87,2019-01-04 03:54:04,2018-08-07 00:57:55,61,42
93,81,2018-12-01 15:34:37,2019-04-08 02:49:27,45,49
22,17,2018-04-21 12:43:20,2019-01-24 01:03:52,72,8
43,59,2019-01-17 15:16:35,2018-06-23 11:23:21,71,66
1,52,2018-11-30 16:07:06,2019-01-28 15:25:05,22,3
53,89,2018-12-18 16:03:40,2018-07-03 15:40:35,45,12
85,66,2019-03-19 12:06:05,2018-08-03 23:20:37,8,67
60,55,2018-11-05 21:37:08,2019-03-10 21:58:58,92,79
59,2,2019-03-31 11:03:47,2018-12-31 18:10:26,14,66
54,9,2019-03-10 02:24:59,2018-06-09 20:26:26,7,19
19,20,2019-03-19 03:35:25,2019-04-10 07:16:30,51,19
62,38,2018-11-13 16:44:18,2019-01-27 13:50:34,92,52
64,98,2018-05-21 14:28:34,2018-12-10 23:45:40,45,65
19,66,2019-03-31 18:24:20,2019-02-06 16:58:16,18,5
1,49,2018-05-31 22:38:54,2019-01-22 02:07:40,65,35
97,25,2018-10-01 07:52:43,2018-12-25 02:14:20,66,86
70,9,2019-02-18 06:30:46,2018-07-16 21:25:57,54,66
15,42,2019-04-05 12:45:22,2019-01-19 03:11:03,29,15
11,20,2018-07-08 00:18:06,2019-03-14 21:48:39,25,8
49,64,2018-05-25 10:11:47,2019-02-23 03:42:21,91,96
25,32,2018-10-09 11:45:03,2019-03-23 17:11:27,67,47
3,8,2018-09-12 23:30:31,2018-04-24 01:35:23,33,16
10,83,2019-03-09 23:34:53,2018-11-19 06:19:46,88,63
82,41,2019-01-29 03:17:11,2018-07-24 17:12:09,88,5
37,92,2018-10-14 02:01:45,2018-12-12 13:13:02,27,44
12,86,2018-10-26 14:57:43,2018-09-22 02:19:33,98,96
87,93,2019-03-10 08:34:38,2018-10-02 01:45:10,6,44
59,36,2018-07-10 17:48:45,2018-08-27 00:40:35,93,76
8,23,2018-09-09 11:47:43,2018-07-15 12:38:43,27,65
80,60,2019-04-01 05:12:28,2018-05-20 22:48:43,68,94
51,39,2018-09-23 23:19:41,2018-12-22 02:51:29,18,88
7,13,2019-03-22 04:00:38,2019-04-02 00:38:17,58,24
60,42,2018-09-20 16:33:22,2019-02-26 20:32:13,76,76
77,86,2018-04-13 03:36:51,2019-03-31 07:38:49,28,68
7,48,2018-09-30 21:13:17,2019-01-24 01:20:50,34,86
24,13,2018-04-18 22:57:11,2018-05-13 02:27:26,46,92
76,97,2018-05-20 22:38:47,2018-07-13 22:17:52,6,14
8,8,2018-09-13 23:36:34,2018-08-31 18:49:24,57,96
14,80,2018-11-03 15:54:46,2018-06-23 23:45:03,77,54
41,85,2019-01-11 04:28:22,2018-06-03 07:05:56,16,17
57,27,2018-12-13 17:24:31,2019-01-25 13:56:56,50,9
91,13,2018-06-22 20:10:06,2018-06-13 06:23:58,80,13
13,57,2018-08-02 21:34:43,2019-03-17 06:17:44,4,58
85,2,2018-10-30 10:59:34,2018-11-12 15:15:21,97,43
38,93,2018-09-20 04:27:01,2018-06-20 09:42:08,98,78
91,8,2018-06-13 02:56:07,2019-04-09 17:01:40,39,53
94,53,2018-04-16 22:44:33,2018-08-17 14:25:07,100,4
50,15,2018-06-02 12:35:38,2018-07-27 21:06:43,39,41
98,65,2018-06-02 01:12:21,2018-08-28 19:52:37,46,87
3,72,2018-11-20 07:59:27,2018-12-19 19:43:02,62,9
1,35,2019-04-03 13:25:24,2018-05-26 19:04:11,44,80
88,10,2019-03-27 19:07:34,2019-02-05 10:06:40,9,92
28,4,2019-01-21 08:36:34,2018-11-10 13:10:28,66,76
93,17,2018-07-28 17:51:02,2018-11-17 09:38:10,39,12
21,79,2019-03-31 12:07:24,2018-05-24 13:10:06,31,88
39,74,2018-05-18 17:04:08,2019-01-15 17:03:52,4,43
15,29,2018-10-22 03:07:16,2018-05-23 15:27:54,39,73
22,44,2018-12-24 09:14:58,2018-08-28 19:58:35,79,15
16,85,2019-03-10 13:26:32,2018-11-19 22:22:33,53,76
97,20,2019-04-04 01:56:28,2018-12-14 14:48:57,82,81
74,28,2019-01-30 19:38:06,2019-01-11 02:29:15,43,93
83,82,2019-02-04 02:06:50,2018-08-08 02:38:25,78,93
26,61,2018-07-16 05:03:18,2018-08-23 12:52:41,58,34
38,22,2018-10-18 06:33:54,2018-11-09 11:06:12,61,97
48,83,2018-12-08 11:22:40,2019-03-05 07:47:27,67,67
47,60,2018-08-12 12:25:45,2018-09-24 13:40:52,73,94
84,56,2019-04-10 22:59:18,2018-10-13 13:27:01,14,49
21,66,2019-01-04 16:39:52,2018-11-22 16:48:01,3,40
59,85,2018-09-01 06:38:37,2018-07-07 10:08:02,93,34
24,61,2019-03-10 02:09:23,2018-10-01 16:38:30,91,24
92,63,2019-01-25 06:17:57,2019-03-06 03:26:39,94,32
100,44,2018-10-21 22:18:22,2018-06-08 21:07:44,62,7
58,38,2018-07-01 05:08:01,2019-01-27 08:40:12,25,38
39,68,2019-02-14 16:57:17,2019-03-17 20:52:11,58,84
34,80,2018-07-05 14:05:46,2018-12-17 13:17:03,74,29
55,33,2018-12-30 01:44:27,2019-03-11 01:39:12,26,63
55,40,2019-04-04 04:17:40,2018-06-10 03:36:04,80,80
72,54,2018-04-22 08:46:49,2018-07-21 13:13:36,17,6
31,81,2018-04-28 05:08:37,2018-12-28 12:43:22,87,51
15,68,2018-07-14 21:34:45,2018-12-27 03:10:40,45,50
33,65,2018-11-29 05:55:15,2019-03-21 12:31:20,74,99
97,62,2018-07-22 17:58:11,2018-05-16 19:02:53,14,54
94,43,2019-03-09 00:03:59,2018-12-12 11:32:17,6,80
71,61,2018-12-09 23:57:17,2019-03-23 21:57:54,83,37
24,64,2018-06-15 06:05:28,2018-09-28 13:44:31,49,81
49,27,2019-01-18 12:59:23,2018-11-10 10:31:33,76,34
79,64,2018-11-26 15:27:58,2018-07-02 06:43:44,82,6
54,75,2018-11-21 06:18:56,2018-07-20 07:46:31,17,63
85,51,2018-07-20 04:17:08,2018-12-04 11:57:51,97,56
24,4,2018-11-05 01:42:07,2018-11-20 14:00:03,53,32
3,26,2018-06-22 10:50:54,2019-04-05 19:08:37,52,31
87,62,2018-06-28 12:42:57,2018-11-11 20:20:08,58,40
94,24,2018-10-21 02:17:43,2018-10-13 22:08:36,49,52
57,56,2018-07-18 15:40:27,2019-03-20 21:06:51,46,98
8,80,2018-10-03 00:38:13,2019-03-19 15:55:59,50,65
63,17,2019-03-02 18:11:09,2018-10-17 13:47:17,56,97
47,2,2018-10-31 18:33:15,2018-07-18 11:34:56,44,20
1,27,2019-03-06 22:47:12,2018-11-11 03:31:57,56,97
97,26,2019-01-11 14:40:00,2018-08-18 04:05:08,86,81
44,15,2018-09-21 07:22:37,2019-02-08 23:57:49,9,86
45,100,2019-02-01 19:02:09,2018-08-07 17:05:07,10,95
67,81,2019-01-09 22:45:16,2018-05-18 10:33:33,20,90
23,34,2018-06-28 00:26:37,2019-03-29 09:57:36,95,76
21,26,2019-02-22 23:46:06,2018-12-11 10:12:05,50,85
20,31,2018-09-26 05:31:39,2018-05-14 08:26:55,25,100
17,49,2018-04-19 07:53:51,2019-01-04 07:54:08,65,100
23,86,2018-08-30 06:03:29,2018-12-17 12:09:22,88,88
29,1,2018-10-06 04:35:18,2019-02-13 04:02:19,52,44
71,46,2018-07-13 14:04:39,2018-05-07 03:37:39,78,88
25,50,2018-07-30 20:26:56,2018-09-12 10:35:39,4,99
24,90,2019-01-28 00:24:00,2019-02-06 02:57:43,35,95
56,86,2019-03-13 21:04:00,2018-11-17 14:19:34,48,100
100,30,2018-06-24 02:09:07,2018-08-10 16:09:11,77,93
61,58,2018-12-01 12:13:49,2019-03-16 15:12:12,75,49
81,47,2019-01-18 18:50:40,2018-09-08 03:26:06,79,21
66,44,2018-04-15 06:39:33,2018-05-22 05:25:28,39,16
22,95,2018-06-29 08:59:00,2018-11-12 21:30:30,38,56
9,48,2019-01-01 19:33:06,2018-09-07 00:55:54,30,40
97,82,2018-06-05 11:39:28,2018-12-23 21:40:18,29,6
93,8,2019-04-07 03:07:52,2018-05-14 08:58:32,23,61
64,76,2018-08-02 16:31:23,2018-04-16 21:38:06,10,56
62,16,2018-06-10 08:40:33,2018-05-02 02:47:27,39,90
66,81,2019-01-09 15:44:39,2019-03-14 11:11:36,61,4
32,26,2019-02-02 11:28:18,2018-08-11 19:45:00,86,46
23,48,2018-12-26 21:43:08,2018-12-24 22:10:40,49,7
13,38,2018-06-23 21:42:57,2018-11-24 20:52:48,97,68
61,60,2018-10-02 15:08:39,2019-03-25 20:56:02,10,41
55,54,2018-07-15 08:50:34,2018-07-16 02:34:15,47,64
81,67,2019-03-19 06:42:20,2018-06-27 22:19:03,10,28
15,74,2018-09-27 19:39:56,2019-03-10 05:08:15,71,2
92,56,2018-06-08 13:17:17,2018-12-13 14:06:25,15,18
19,62,2019-03-22 08:18:49,2018-07-28 21:42:31,6,75
73,82,2018-07-17 11:38:21,2018-08-03 04:48:12,21,4
18,23,2018-06-24 08:20:46,2018-12-02 12:50:26,42,74
48,23,2019-01-22 08:24:21,2019-02-03 22:34:38,62,71
10,91,2018-07-22 08:38:27,2018-12-12 17:54:03,50,65
25,16,2019-01-17 06:35:26,2018-09-20 01:38:08,38,24
69,83,2019-01-18 17:45:06,2018-10-12 07:24:05,24,51
97,68,2018-09-11 03:46:30,2018-08-09 12:31:51,5,9
23,96,2018-10-16 15:49:47,2018-11-03 07:57:10,91,29
96,22,2019-02-26 03:16:00,2018-08-18 14:21:41,91,81
2,26,2018-06-24 01:38:11,2018-06-19 14:12:33,62,17
17,39,2018-09-09 02:59:06,2018-10-30 08:25:17,51,42
94,38,2018-07-08 03:54:08,2018-05-28 06:49:42,30,48
78,20,2018-05-16 03:46:16,2018-04-19 12:06:56,14,74
69,24,2018-09-23 14:00:08,2018-10-22 23:47:56,48,10
28,52,2018-06-15 23:43:53,2018-09-21 17:25:05,31,58
59,51,2018-11-24 11:02:42,2018-06-11 10:43:44,90,20
32,56,2018-04-12 06:26:52,2018-06-20 08:58:41,70,72
7,83,2018-07-14 13:25:51,2018-09-04 02:34:22,35,50
74,54,2018-07-05 22:36:48,2018-09-24 11:47:11,68,17
65,79,2019-03-31 22:27:28,2018-05-11 13:35:12,68,38
61,98,2018-08-11 17:42:50,2018-10-20 22:28:59,44,56
72,66,2018-06-29 09:02:54,2018-10-24 14:40:15,75,87
98,100,2019-02-28 23:16:54,2018-12-15 23:26:30,20,21
75,70,2018-07-11 04:00:04,2019-04-02 23:26:26,13,60
13,76,2019-01-29 04:11:37,2018-10-22 14:29:30,1,68
1,87,2019-03-25 22:00:51,2018-11-16 04:11:29,90,1
68,45,2018-06-23 22:42:13,2018-11-22 06:54:57,23,52
46,41,2018-10-09 19:12:56,2018-10-18 01:17:55,36,69
20,42,2018-11-11 07:08:43,2018-10-16 01:24:44,57,53
95,91,2018-07-30 02:40:11,2018-09-08 06:20:04,61,35
55,4,2018-10-26 02:45:59,2018-09-01 16:40:18,19,45
47,41,2018-06-23 10:00:16,2018-09-13 11:04:43,92,77
77,98,2018-07-18 10:17:59,2018-09-20 14:28:42,6,60
65,10,2018-09-22 12:35:29,2018-04-20 11:55:23,33,96
96,30,2018-10-06 03:04:21,2018-08-05 10:30:10,94,27
55,75,2018-08-01 04:06:32,2019-01-27 01:47:56,39,73
18,26,2018-10-15 03:00:46,2019-01-09 11:16:27,2,42
29,41,2018-04-17 04:50:14,2019-04-07 23:13:37,54,33
100,94,2018-08-26 17:13:05,2019-02-19 15:55:32,20,84
88,53,2018-10-02 10:53:25,2018-04-14 00:00:02,32,30
75,97,2018-08-03 23:01:32,2018-11-19 07:08:32,20,54
14,18,2018-12-06 23:39:49,2018-11-25 13:02:30,21,86
27,52,2018-10-24 00:25:46,2019-02-02 10:41:50,48,97
47,76,2018-06-25 07:34:36,2019-02-15 21:14:55,23,93
73,11,2018-07-05 16:43:05,2018-11-12 07:13:06,17,67
80,11,2018-10-26 13:29:48,2018-09-20 19:38:26,77,60
75,77,2018-11-11 12:15:35,2018-12-26 13:12:29,53,28
19,94,2018-05-07 11:35:22,2018-04-22 07:20:48,86,66
51,16,2018-11-08 23:44:32,2018-04-26 22:46:07,12,64
53,51,2018-06-12 19:13:30,2019-04-06 04:15:24,7,31
72,63,2018-06-15 15:26:57,2018-10-31 10:10:24,84,28
100,71,2018-04-18 23:44:59,2019-02-21 05:08:24,76,43
99,14,2018-09-29 14:08:53,2018-12-05 08:16:15,76,83
16,35,2018-07-18 22:54:17,2018-12-29 06:20:28,87,70
44,35,2018-04-30 21:58:24,2018-07-10 10:17:20,27,22
69,56,2018-12-21 13:05:20,2018-11-27 23:13:08,26,31
56,100,2019-01-03 19:48:33,2018-12-02 06:27:45,75,3
9,43,2018-08-07 03:19:17,2018-06-14 18:06:45,40,21
69,60,2018-08-31 17:55:50,2018-08-05 20:19:35,98,79
16,53,2018-09-14 14:06:13,2018-05-30 04:52:36,10,21
39,7,2018-05-27 11:30:24,2018-11-04 11:52:43,9,45
11,74,2018-10-13 14:52:13,2018-08-10 23:01:31,50,42
70,58,2018-08-03 04:42:33,2018-08-12 06:34:32,84,23
50,33,2018-11-17 11:20:49,2019-01-08 23:22:21,59,9
99,94,2018-07-10 23:47:07,2019-02-26 06:27:34,53,77
100,92,2019-02-09 14:17:14,2018-10-26 01:20:03,75,40
53,99,2018-10-03 03:35:02,2018-07-18 05:01:53,93,32
71,64,2018-11-03 23:56:39,2019-01-19 08:32:40,94,83
56,72,2018-08-06 12:32:59,2018-07-05 16:54:59,84,50
80,28,2018-11-21 16:48:33,2018-10-31 17:15:24,49,58
15,79,2018-12-23 19:23:04,2018-11-12 08:04:31,58,14
38,63,2019-04-10 19:46:19,2019-01-02 17:46:03,50,7
41,65,2019-03-19 07:39:41,2018-11-13 14:23:26,96,12
58,39,2019-01-20 12:10:45,2018-07-17 15:20:19,75,51
19,25,2018-09-19 11:29:36,2019-01-26 01:13:37,37,53
46,81,2019-03-15 06:56:30,2018-06-11 01:05:28,46,83
41,30,2018-08-10 15:21:35,2018-11-09 16:58:44,93,16
57,5,2018-05-13 19:32:23,2018-06-20 19:25:45,92,7
23,4,2018-12-17 12:48:46,2018-08-15 13:47:45,28,3
15,75,2019-04-03 16:03:20,2018-05-23 14:28:18,91,45
75,14,2018-11-15 22:34:07,2018-06-23 08:46:48,25,94
74,98,2018-12-26 09:24:10,2018-12-23 17:41:23,72,27
34,25,2018-07-04 13:05:49,2018-07-03 04:43:42,78,26
39,75,2018-07-05 19:25:53,2018-05-14 09:32:59,20,52
2,29,2018-09-25 20:20:42,2018-06-25 03:42:17,1,84
10,38,2018-10-20 05:38:24,2018-11-17 09:51:15,63,42
42,32,2018-10-09 02:32:36,2018-10-19 01:12:56,81,29
98,84,2018-10-20 12:31:12,2018-07-23 04:35:23,5,20
12,12,2018-09-10 00:23:58,2018-04-24 02:35:05,42,34
29,95,2018-05-16 16:46:46,2019-02-16 19:48:37,32,39
20,64,2018-10-16 19:32:08,2019-04-06 03:20:01,13,79
58,41,2018-08-10 19:18:56,2019-02-14 16:45:20,100,59
91,63,2018-07-18 01:03:54,2018-05-18 09:57:19,85,77
30,22,2018-09-09 15:20:41,2018-06-09 16:17:57,29,33
40,45,2019-03-30 21:25:00,2019-03-22 04:38:32,79,61
71,8,2018-07-13 22:42:28,2018-09-05 04:57:19,72,43
22,42,2019-02-10 02:06:09,2018-10-08 23:16:04,98,53
97,14,2019-03-13 08:43:07,2018-06-19 19:03:18,8,22
94,2,2019-01-31 14:22:11,2018-12-20 15:58:35,46,13
37,7,2019-03-10 10:49:21,2018-12-17 10:21:57,57,18
48,75,2018-12-07 07:28:20,2018-12-27 17:17:40,90,3
34,19,2018-11-17 06:41:13,2018-09-13 22:19:42,85,63
4,54,2018-09-12 16:16:09,2018-06-01 07:31:35,82,96
69,72,2018-08-13 23:47:59,2018-08-27 15:13:08,38,87
96,20,2018-11-23 19:13:03,2018-12-05 03:04:50,20,79
10,44,2018-10-02 21:29:09,2019-01-20 09:51:48,55,34
18,69,2018-04-23 08:44:31,2018-12-06 17:39:19,33,33
91,6,2019-02-15 21:05:28,2019-02-02 00:24:57,56,37
53,22,2018-05-05 01:05:36,2018-09-05 22:09:37,46,64
91,85,2018-11-13 01:53:42,2018-10-15 10:27:48,14,50
76,76,2018-10-16 20:09:07,2018-11-11 00:22:00,46,78
94,69,2018-05-01 05:24:24,2018-05-08 10:21:45,21,6
96,80,2018-06-09 10:47:32,2018-10-15 01:12:37,10,81
60,82,2018-11-29 02:39:54,2018-12-12 02:14:04,3,35
66,40,2018-12-01 13:45:25,2018-10-06 20:57:19,4,97
89,56,2018-08-16 09:58:27,2018-07-31 13:42:55,77,41
23,63,2018-11-20 04:43:25,2018-08-28 17:37:33,83,65
54,75,2018-11-17 21:04:09,2018-08-13 04:28:06,12,17
91,51,2019-01-31 17:37:44,2018-09-29 17:05:42,87,49
69,30,2019-04-07 09:21:57,2019-04-10 09:58:36,51,76
11,90,2018-12-16 11:48:01,2018-05-02 08:01:49,18,77
17,38,2019-04-05 16:57:46,2018-06-20 20:16:22,20,45
81,41,2018-04-14 22:33:19,2018-09-27 00:50:02,24,2
52,97,2018-04-20 02:46:07,2018-10-18 02:40:48,16,10
42,28,2019-01-23 03:12:53,2018-05-10 13:49:08,55,94
72,4,2018-09-30 20:17:06,2018-11-28 02:56:35,7,74
52,79,2018-10-18 03:01:58,2018-11-30 13:57:36,82,83
40,100,2018-05-30 20:22:43,2019-01-03 03:23:27,51,99
16,73,2019-02-01 13:02:27,2018-12-11 10:31:42,66,12
46,28,2019-02-27 06:49:56,2018-12-09 09:08:37,39,30
77,45,2018-05-23 00:35:36,2018-10-13 20:52:34,58,93
20,93,2018-11-16 07:55:27,2018-04-21 17:39:04,3,80
31,77,2018-11-01 00:40:16,2018-06-30 05:55:53,16,1
24,1,2018-07-27 19:31:38,2018-08-05 19:03:42,90,41
30,66,2018-09-29 03:20:56,2018-05-20 09:04:11,74,40
56,14,2018-12-30 00:08:05,2018-10-01 18:01:09,58,65
59,69,2018-12-11 16:02:16,2018-09-06 00:27:34,85,48
80,42,2018-09-17 06:34:04,2018-12-23 01:29:02,5,55
35,78,2018-05-06 21:49:54,2018-08-13 16:29:53,66,100
5,68,2018-12-22 20:15:55,2018-10-26 07:56:45,46,18
87,80,2018-10-27 02:30:09,2018-07-14 09:14:12,29,76
16,3,2018-06-29 15:04:11,2018-05-21 02:48:48,88,32
79,54,2018-06-15 06:48:17,2018-11-01 16:17:05,35,1
78,49,2019-02-13 09:00:58,2019-02-25 15:45:52,28,56
60,36,2018-08-02 05:35:56,2018-06-19 14:59:20,97,87
92,90,2018-04-22 18:13:06,2018-09-28 15:11:35,88,59
97,26,2018-10-11 17:45:57,2018-08-10 15:47:58,84,49
13,92,2018-07-04 19:35:13,2018-11-10 13:25:04,31,43
35,32,2018-05-21 03:21:53,2018-12-13 00:17:16,2,63
20,16,2018-10-26 18:50:27,2018-12-15 15:41:58,37,36
20,25,2019-04-06 21:28:44,2018-10-15 13:23:02,32,36
87,53,2019-03-16 16:45:44,2018-05-16 09:51:09,24,83
4,99,2018-08-23 17:20:02,2018-10-13 22:46:44,7,24
32,46,2019-02-02 05:50:01,2019-01-18 06:59:23,54,57
30,25,2018-09-16 19:35:43,2019-01-20 15:17:25,13,41
45,74,2018-11-30 12:59:05,2019-01-18 00:17:57,24,39
8,31,2018-10-07 08:43:29,2018-05-29 08:05:49,67,8
50,6,2019-04-04 08:55:34,2018-12-18 21:39:31,97,57
42,35,2019-03-23 12:37:28,2018-10-25 10:16:17,76,86
3,19,2018-04-12 19:14:09,2018-11-16 22:52:12,55,95
24,37,2018-04-28 02:13:33,2019-04-03 19:05:20,58,65
48,70,2018-12-19 04:36:41,2018-06-03 03:26:14,3,2
11,31,2019-01-15 17:55:03,2018-06-27 21:25:24,22,20
14,92,2018-08-12 10:56:05,2018-09-13 11:17:15,54,33
48,29,2018-12-02 11:52:06,2018-11-14 09:38:28,44,86
73,60,2018-05-23 07:02:54,2018-08-19 08:16:08,18,91
57,77,2018-09-19 20:07:45,2018-04-21 17:58:52,70,61
44,29,2018-10-07 22:44:27,2018-09-24 15:53:26,36,29
12,7,2019-03-05 00:30:29,2018-11-24 16:31:51,70,30
69,10,2018-05-26 02:49:14,2018-06-04 12:42:29,31,73
4,90,2018-07-11 18:16:07,2018-09-26 07:55:05,36,49
19,10,2018-04-29 17:01:17,2018-09-16 21:04:40,83,78
42,3,2018-12-21 01:55:17,2019-03-27 00:51:45,29,13
40,84,2018-05-30 04:00:07,2019-03-19 07:30:03,64,50
76,92,2018-05-23 12:39:46,2018-07-17 18:32:04,39,22
52,51,2018-07-23 17:26:04,2019-02-08 10:08:54,86,64
36,94,2018-07-29 22:25:45,2019-01-15 09:55:11,22,16
51,9,2018-09-21 15:52:33,2018-11-20 22:19:59,52,32
98,22,2018-09-01 11:55:57,2018-08-31 17:18:03,28,9
67,88,2018-09-26 09:39:55,2018-12-08 23:40:59,13,57
53,3,2018-11-29 18:50:59,2018-07-16 13:39:24,73,81
97,61,2018-08-30 00:27:04,2019-03-17 15:53:04,49,86
3,50,2018-10-31 11:57:37,2018-11-15 23:46:09,41,49
6,21,2019-01-15 10:50:41,2018-06-03 16:57:37,96,52
86,35,2019-02-07 23:30:35,2018-07-24 08:58:39,85,13
15,18,2018-11-20 14:44:52,2018-11-16 21:25:37,1,22
60,52,2018-05-20 04:41:00,2018-05-13 15:19:40,70,54
49,55,2019-02-16 14:56:29,2018-05-08 11:23:47,76,18
92,34,2019-03-18 13:59:21,2018-09-17 06:52:27,21,8
37,14,2018-12-13 01:57:28,2019-02-15 05:15:58,85,1
86,35,2018-08-06 20:29:37,2018-09-27 17:22:50,18,30
30,53,2018-07-13 18:36:00,2018-06-25 07:35:54,35,34
30,54,2018-10-22 01:58:55,2018-12-04 01:22:42,96,59
100,74,2018-07-31 22:42:20,2019-01-02 22:55:10,9,33
49,27,2018-05-02 16:08:36,2018-12-08 11:51:54,8,39
47,49,2018-06-22 14:51:56,2018-10-20 09:18:37,96,85
61,3,2018-09-25 03:32:55,2018-10-18 15:05:07,42,76
68,63,2018-12-01 14:50:17,2018-12-19 07:24:41,78,54
76,62,2019-03-18 12:09:28,2018-05-02 04:56:28,4,70
21,56,2019-02-19 03:40:12,2018-06-06 11:02:11,42,44
91,70,2019-03-26 10:08:37,2019-03-04 07:29:06,90,41
5,27,2019-01-04 11:13:35,2018-06-02 07:02:41,13,18
21,54,2018-08-04 16:37:37,2019-03-16 19:51:46,3,62
75,40,2018-10-23 00:23:23,2018-07-22 05:30:17,73,2
24,9,2018-10-03 19:53:48,2018-09-29 02:47:28,20,75
47,60,2018-10-22 19:58:25,2018-06-15 10:02:05,12,24
65,47,2018-10-10 14:43:02,2018-12-22 22:07:49,69,12
72,63,2018-07-05 23:18:57,2018-12-31 16:28:16,93,85
22,13,2018-10-29 17:07:10,2018-11-09 21:09:44,51,40
98,81,2019-01-19 15:28:17,2018-06-17 04:37:24,61,7
69,51,2018-06-27 17:47:12,2018-12-12 05:02:48,88,41
45,24,2019-03-31 06:40:09,2019-04-10 09:06:20,59,10
16,55,2019-03-02 01:41:38,2018-09-30 05:14:32,49,11
39,13,2018-05-12 13:46:55,2018-04-11 15:24:52,51,7
7,64,2019-02-28 20:40:09,2019-03-30 18:07:18,68,40
43,100,2018-06-08 21:45:05,2019-03-27 12:33:09,85,29
21,90,2019-02-26 03:58:09,2018-05-05 13:39:15,14,84
67,39,2018-09-07 01:45:22,2019-01-01 07:32:49,76,43
41,51,2018-08-30 00:28:42,2019-02-10 22:28:24,24,4
28,90,2018-06-12 07:56:02,2018-12-31 05:50:48,73,81
90,17,2019-03-26 20:24:32,2018-05-10 00:13:13,55,68
46,59,2018-07-15 16:08:27,2019-01-24 23:47:28,7,99
19,16,2018-08-01 07:16:39,2018-05-06 18:26:28,37,26
45,67,2018-12-09 15:31:41,2018-12-03 14:42:52,25,40
99,100,2018-11-21 06:23:33,2018-04-27 01:53:51,61,61
76,84,2018-07-14 05:29:28,2018-07-19 18:55:41,65,21
72,35,2019-01-09 21:04:48,2019-01-07 19:30:44,68,88
53,21,2018-10-27 23:08:08,2019-04-06 03:25:13,53,26
48,73,2019-02-26 12:14:35,2018-09-04 03:23:28,86,75
60,62,2019-03-31 18:41:36,2018-07-18 05:22:04,56,57
53,45,2018-11-05 11:32:39,2019-03-06 00:57:25,71,71
39,63,2019-01-15 06:05:03,2018-12-13 14:11:41,76,90
27,24,2018-08-07 16:00:05,2018-07-19 00:49:13,85,99
18,54,2018-09-05 20:22:52,2018-11-20 22:49:29,73,62
56,33,2019-02-20 14:39:28,2018-07-28 08:38:07,80,39
39,37,2018-12-27 05:50:43,2018-11-23 10:03:32,53,6
91,45,2018-08-25 19:38:48,2018-05-11 16:36:17,43,96
23,67,2018-10-28 13:40:25,2018-09-22 17:21:15,73,65
57,25,2018-12-10 23:03:28,2018-11-11 17:51:40,29,92
49,53,2018-08-29 19:12:45,2018-11-29 14:54:27,16,34
99,57,2018-08-01 06:21:07,2018-08-25 12:54:55,77,59
94,32,2018-06-22 02:05:40,2019-03-21 21:21:20,94,56
93,2,2018-09-16 10:56:42,2018-09-14 14:10:15,20,100
84,59,2018-10-14 23:30:38,2019-01-17 21:31:50,100,97
49,41,2018-10-20 01:14:04,2018-06-20 16:09:24,61,99
22,13,2018-12-07 06:11:39,2018-12-23 21:13:32,77,45
24,55,2018-07-14 16:08:16,2019-02-25 14:31:22,100,76
22,21,2018-08-17 12:01:16,2018-04-22 01:50:14,34,8
10,32,2018-07-18 04:17:10,2018-12-29 18:24:07,16,100
24,70,2019-02-18 16:20:55,2019-03-09 07:05:11,12,54
24,85,2018-09-17 05:59:11,2018-04-13 19:59:38,7,35
83,62,2018-06-27 15:09:51,2019-03-16 06:13:59,88,69
66,1,2018-05-09 13:14:23,2018-06-05 09:37:48,96,22
22,34,2018-06-10 15:06:31,2018-05-05 14:56:07,56,84
96,92,2018-08-01 15:02:43,2018-05-18 16:08:15,76,20
52,74,2018-12-11 03:43:10,2018-11-02 17:03:30,25,67
75,2,2019-01-02 07:32:16,2019-01-04 00:28:18,69,7
32,54,2018-08-07 01:29:03,2019-02-26 18:47:45,38,12
39,95,2018-08-08 09:13:38,2018-09-01 12:26:55,40,3
95,22,2019-01-04 22:36:46,2019-03-29 07:00:51,43,15
3,17,2018-10-02 06:51:20,2018-09-26 08:15:01,16,13
35,76,2018-06-09 07:28:56,2019-02-17 06:18:24,51,3
67,85,2018-11-29 04:17:45,2018-07-26 08:02:16,73,58
36,61,2018-09-18 08:22:17,2019-02-13 21:11:36,36,6
15,79,2018-10-10 02:07:34,2019-01-11 01:24:46,13,10
42,43,2019-02-19 17:38:37,2019-01-04 03:03:21,39,27
83,22,2018-11-21 12:51:08,2018-12-12 20:45:46,55,77
61,94,2018-08-09 21:33:09,2019-03-19 12:25:13,53,10
95,80,2019-03-04 08:19:08,2018-07-14 12:20:23,86,94
52,94,2018-12-17 00:35:23,2018-12-11 02:37:13,42,5
97,53,2018-11-19 03:36:29,2018-12-05 15:30:08,98,46
34,92,2018-09-08 09:28:21,2019-02-17 05:28:41,75,76
75,58,2018-10-14 03:55:33,2018-06-18 22:55:04,54,47
6,38,2018-08-23 09:48:20,2018-12-03 11:24:35,52,72
44,58,2018-06-17 15:55:03,2018-06-05 14:23:17,15,68
10,56,2018-06-07 19:10:22,2018-08-30 04:04:33,40,26
32,45,2018-05-24 18:25:04,2018-10-16 10:52:58,10,89
81,88,2018-10-01 11:01:41,2018-04-18 21:27:24,28,48
26,63,2018-09-01 18:49:22,2018-09-30 09:43:01,98,26
70,39,2018-11-04 21:29:28,2019-01-21 14:24:48,89,24
33,19,2019-01-13 06:57:57,2019-04-08 17:40:22,7,37
42,90,2018-05-19 20:21:19,2018-12-08 00:15:39,70,56
85,99,2019-01-03 14:24:59,2019-02-24 14:44:57,41,56
10,49,2018-09-12 16:48:55,2018-09-24 03:29:18,44,37
89,57,2018-12-03 12:38:35,2019-01-16 12:04:13,12,69
27,81,2019-01-27 17:17:06,2018-05-11 17:37:31,75,35
6,97,2019-03-25 23:38:00,2018-04-19 03:10:02,73,89
23,43,2018-04-11 03:52:20,2018-08-29 14:32:43,39,3
70,85,2019-03-26 00:40:56,2019-01-10 16:38:01,67,100
5,1,2018-08-12 09:41:18,2019-04-08 11:22:13,44,25
82,89,2019-04-10 20:12:37,2018-11-04 11:30:26,90,38
100,9,2018-10-07 16:51:13,2018-06-12 01:06:27,58,68
2,25,2019-03-02 15:26:49,2018-06-20 22:47:57,99,79
92,88,2018-12-14 19:46:55,2019-02-01 11:55:28,50,63
51,80,2018-05-12 11:07:53,2018-12-21 19:02:48,44,16
41,6,2019-01-17 18:05:25,2018-08-29 04:21:32,6,14
39,77,2019-02-07 02:35:50,2018-09-07 00:16:41,13,51
4,86,2018-10-19 04:31:56,2018-07-22 10:58:41,77,74
34,69,2019-03-29 12:35:38,2018-08-05 02:40:08,47,16
92,73,2018-05-01 05:08:05,2019-03-22 19:48:22,93,73
13,44,2018-08-25 21:05:40,2019-03-08 06:55:26,57,88
90,62,2019-03-23 00:19:32,2019-01-05 16:52:37,37,16
10,99,2018-07-23 01:18:11,2018-12-31 19:42:42,50,79
10,74,2018-09-20 21:15:29,2018-10-04 07:39:45,31,93
3,70,2019-01-24 21:18:06,2018-07-04 13:39:54,81,95
3,42,2018-09-14 08:07:13,2019-01-24 06:15:31,49,72
34,45,2018-05-24 07:58:36,2018-05-29 11:16:36,66,73
48,86,2018-08-02 09:49:22,2018-09-25 08:42:59,76,77
96,76,2018-07-07 22:40:54,2019-03-19 06:42:49,72,14
68,9,2018-06-22 10:14:54,2019-03-21 19:27:33,28,27
21,12,2018-05-06 16:51:52,2019-01-08 00:06:36,19,83
82,74,2018-09-21 00:59:03,2018-05-28 05:24:35,13,66
46,39,2019-02-19 08:58:18,2019-04-10 02:14:29,6,87
68,90,2019-01-04 20:59:01,2018-08-03 21:28:42,68,60
14,35,2018-06-19 03:46:38,2019-01-04 02:12:04,40,71
24,80,2018-05-22 19:24:21,2019-02-02 11:46:45,92,1
92,25,2018-08-13 21:23:09,2018-04-16 13:16:48,57,38
7,85,2019-04-08 07:44:26,2018-11-05 00:42:21,68,42
87,62,2018-10-31 16:52:20,2019-03-19 15:00:54,62,11
24,67,2018-12-09 18:29:19,2018-12-30 11:38:17,72,36
27,19,2018-04-16 04:52:41,2018-04-14 19:02:25,69,76
73,43,2019-03-24 14:07:31,2018-10-29 16:45:16,57,96
55,64,2018-09-11 02:17:28,2018-10-28 12:25:18,19,98
74,39,2019-01-22 22:43:55,2018-09-29 13:26:06,51,99
62,60,2018-06-12 01:04:08,2019-02-27 09:15:53,25,47
50,3,2018-08-22 01:08:10,2018-05-24 01:39:25,38,74
12,71,2018-05-07 13:17:59,2018-05-17 04:40:30,11,90
9,91,2019-01-25 02:34:25,2019-03-01 10:41:23,55,83
60,38,2019-01-05 01:48:11,2018-07-21 03:23:36,71,20
74,6,2018-05-10 04:03:46,2019-04-07 22:22:10,77,29
85,73,2018-06-17 09:39:15,2018-09-10 21:35:19,64,41
51,61,2018-09-04 10:02:24,2018-11-04 11:00:30,74,54
58,62,2018-04-30 04:54:36,2018-11-14 21:31:21,10,44
8,71,2019-04-08 15:59:44,2018-09-19 15:47:04,87,10
5,44,2019-01-25 08:20:30,2018-08-30 02:57:47,100,62
71,17,2018-12-09 09:54:45,2018-05-01 04:37:54,72,76
47,8,2018-10-24 07:34:40,2018-12-30 15:44:32,94,81
74,64,2018-11-28 06:27:54,2018-12-22 21:07:45,54,95
4,99,2019-03-31 17:03:16,2019-02-07 16:10:32,25,44
7,58,2018-06-06 06:28:05,2018-07-16 10:44:45,74,26
88,100,2018-04-29 23:26:19,2018-05-13 05:46:46,17,71
1,63,2018-06-21 00:21:36,2019-03-18 09:32:27,17,73
91,33,2019-03-13 22:50:07,2018-07-26 09:02:39,82,38
36,35,2018-04-25 01:14:07,2018-11-08 22:42:32,100,53
94,59,2018-04-14 06:05:08,2019-02-10 13:33:37,24,34
2,88,2018-09-21 09:24:00,2018-07-03 01:00:11,40,23
68,13,2018-08-06 04:44:53,2018-09-14 16:51:41,25,10
77,16,2018-11-14 01:58:29,2018-08-29 21:24:20,31,72
20,69,2019-04-07 02:20:32,2018-12-25 21:51:40,75,71
20,78,2018-09-21 16:54:45,2019-02-16 09:44:42,57,72
87,46,2018-08-21 22:03:09,2019-01-02 13:47:58,54,40
20,95,2018-08-20 11:19:34,2018-04-25 19:34:44,61,90
28,71,2018-10-28 07:33:16,2018-08-29 00:35:53,11,67
51,59,2018-10-08 13:18:02,2018-10-29 14:21:58,16,37
46,12,2018-06-15 02:20:02,2018-05-01 22:17:17,26,100
58,60,2018-12-28 08:34:06,2018-11-27 23:08:18,10,4
15,85,2018-08-03 15:11:43,2018-07-09 01:48:03,84,8
43,45,2019-01-24 00:57:38,2018-07-27 21:57:51,78,72
60,17,2018-08-17 05:56:04,2018-11-25 01:54:00,11,43
94,78,2018-11-29 10:49:11,2018-07-19 14:30:13,96,72
27,26,2018-06-08 19:58:29,2018-09-29 11:20:59,60,7
30,25,2019-01-27 08:52:45,2018-09-18 15:36:50,16,9
6,18,2018-10-09 15:50:30,2018-11-23 01:19:30,86,92
20,19,2018-08-18 18:29:32,2018-12-04 12:22:41,57,97
28,25,2019-04-08 04:18:44,2018-08-07 07:44:56,23,88
23,73,2019-01-22 14:19:15,2018-06-13 12:03:21,27,2
72,36,2019-01-24 14:30:26,2018-12-18 22:28:27,100,4
98,58,2018-06-11 04:39:21,2019-01-02 19:54:14,18,99
65,58,2018-08-02 12:39:43,2018-07-29 04:30:14,39,82
14,7,2018-04-26 08:03:20,2019-02-24 01:35:13,36,10
90,99,2018-07-09 22:27:12,2019-01-29 04:47:36,27,31
83,27,2018-08-15 21:34:48,2018-05-20 16:47:22,96,58
59,26,2018-07-07 19:58:08,2018-04-25 09:00:00,20,61
72,9,2019-01-23 06:32:53,2019-04-05 04:55:29,45,16
40,58,2018-09-30 21:07:33,2019-03-24 15:43:01,20,34
5,41,2019-03-31 13:47:14,2018-11-08 20:37:00,54,18
53,37,2018-04-18 09:27:48,2018-06-16 07:03:40,12,82
68,18,2018-07-14 17:06:50,2018-08-15 09:14:44,56,86
33,69,2018-09-19 09:27:10,2018-08-31 08:28:40,83,95
94,31,2018-06-02 12:46:55,2018-10-12 20:46:26,88,14
82,74,2018-12-17 01:55:03,2018-07-23 05:59:33,10,85
92,54,2019-01-15 17:01:12,2018-11-20 11:05:42,90,1
14,59,2019-03-02 20:35:59,2019-02-06 05:13:58,64,84
72,57,2019-02-28 08:05:06,2018-09-22 17:31:35,25,41
87,3,2018-05-22 02:02:41,2018-10-10 11:41:45,23,42
82,19,2018-12-28 01:15:11,2018-10-01 05:23:21,55,44
82,25,2018-08-09 15:11:18,2019-03-02 09:39:55,5,100
5,69,2019-03-14 06:32:00,2019-02-15 19:55:06,74,27
49,48,2019-04-01 03:48:32,2019-03-04 20:19:54,4,24
2,88,2019-02-07 02:15:19,2019-01-18 11:09:52,48,14
64,83,2018-11-27 04:50:15,2018-08-05 14:28:59,63,34
66,67,2018-08-10 03:33:45,2019-02-04 11:31:16,8,34
10,49,2018-08-03 07:45:30,2019-04-09 17:10:40,30,81
77,66,2018-08-14 01:43:14,2018-08-15 19:26:48,94,75
5,29,2018-06-11 20:42:53,2018-06-07 13:40:49,91,37
20,39,2019-01-03 15:51:58,2018-08-15 20:49:19,17,76
88,87,2018-05-18 12:14:32,2018-09-21 01:45:17,56,38
16,57,2018-06-24 22:56:38,2018-10-26 08:05:27,89,75
79,88,2018-06-14 21:38:13,2018-11-25 11:39:23,14,44
62,56,2019-03-18 06:12:10,2018-10-19 00:44:50,54,48
61,69,2019-03-12 03:22:17,2019-03-12 18:29:09,11,74
12,29,2018-07-31 09:14:28,2018-08-08 20:29:29,18,11
50,21,2018-08-21 18:35:30,2018-09-02 06:17:09,8,93
58,43,2018-06-18 12:47:58,2018-04-17 23:09:25,82,58
94,30,2018-06-15 18:22:14,2018-08-03 13:56:31,79,60
49,7,2019-02-07 10:57:49,2018-08-26 19:53:52,77,98
40,69,2019-01-11 22:22:27,2018-12-02 15:44:46,80,93
16,38,2018-08-24 09:18:57,2018-08-02 09:23:33,16,61
34,90,2018-12-05 18:01:17,2018-07-17 09:29:41,19,61
38,51,2018-10-17 08:09:13,2018-12-01 03:29:50,94,38
6,88,2019-01-03 22:15:27,2019-02-24 09:22:24,77,86
94,29,2019-04-04 11:09:59,2018-07-13 10:05:47,89,94
87,82,2018-10-12 10:43:08,2018-05-11 14:02:22,25,9
82,9,2019-02-03 06:59:48,2018-08-25 09:02:15,14,31
54,23,2018-11-15 14:22:23,2019-01-09 22:07:36,59,83
20,1,2019-01-07 09:58:46,2018-12-08 21:45:06,40,41
47,46,2019-03-27 06:36:45,2018-10-12 12:24:38,16,48
95,87,2019-01-01 02:53:47,2018-04-27 09:32:17,24,85
